gr_year,squirrel_id,N
KL_1996,3674,30
KL_1996,4573,44
KL_1996,4906,32
KL_1996,4996,30
KL_1996,4227,22
KL_1996,4245,24
KL_1996,4187,22
KL_1996,4569,28
KL_1996,5020,33
KL_1996,4453,40
KL_1996,5501,30
KL_1996,4430,27
KL_1996,4472,24
KL_1996,3618,22
KL_1996,4429,48
KL_1996,4712,28
KL_1996,3215,29
KL_1996,3441,32
KL_1996,4774,22
KL_1996,3248,36
KL_1996,4608,36
SU_1996,3491,28
SU_1996,3501,24
SU_1996,3703,162
SU_1996,3244,30
SU_1996,3526,38
SU_1996,3334,22
SU_1996,3721,27
SU_1996,4254,22
SU_1996,4244,52
SU_1996,4235,32
SU_1996,3609,38
SU_1996,5228,38
SU_1996,3211,29
SU_1996,4285,24
SU_1996,3604,105
KL_1997,4154,33
KL_1997,4429,44
KL_1997,4430,27
KL_1997,4472,23
KL_1997,4573,22
KL_1997,4608,36
KL_1997,4705,32
KL_1997,3618,24
KL_1997,4108,26
KL_1997,4467,25
KL_1997,5020,28
KL_1997,4227,44
KL_1997,4712,34
KL_1997,4453,29
KL_1997,4569,33
KL_1997,4697,43
KL_1997,5418,24
KL_1997,4713,26
KL_1997,4996,38
KL_1997,4704,43
KL_1997,4682,30
KL_1997,6041,22
SU_1997,3717,166
SU_1997,4370,22
SU_1997,3491,22
SU_1997,3501,29
SU_1997,4594,39
SU_1997,3526,25
SU_1997,3609,36
SU_1997,3721,22
SU_1997,4244,231
SU_1997,5228,38
SU_1997,3399,28
SU_1997,3604,229
SU_1997,4429,24
SU_1998,3709,22
SU_1998,4244,23
SU_1998,5230,25
SU_1998,4235,22
SU_1998,4312,24
SU_1998,5378,23
SU_1998,4286,23
SU_1998,4255,24
SU_1998,4899,23
SU_1998,5001,22
SU_1998,3717,25
SU_1998,4257,23
SU_1998,4322,26
KL_1999,4704,23
KL_1999,4774,25
KL_1999,4842,27
KL_1999,5461,34
KL_1999,4425,35
KL_1999,4429,26
KL_1999,4465,27
KL_1999,4467,26
KL_1999,4573,33
KL_1999,4608,29
KL_1999,4705,30
KL_1999,4783,25
KL_1999,4906,33
KL_1999,4909,22
KL_1999,4921,23
KL_1999,5194,24
KL_1999,5231,31
KL_1999,5348,28
KL_1999,5674,28
KL_1999,5717,23
KL_1999,5755,30
KL_1999,5763,26
KL_1999,6532,23
KL_1999,4588,28
KL_1999,4884,31
KL_1999,4453,28
KL_1999,4582,31
KL_1999,5020,25
KL_1999,4784,30
KL_1999,4818,23
KL_1999,4486,27
KL_1999,4819,23
KL_1999,4796,26
KL_1999,5196,24
KL_1999,5587,23
KL_1999,5418,33
KL_1999,5518,28
KL_1999,4586,28
KL_1999,5544,29
KL_1999,4430,40
KL_1999,4879,26
KL_1999,4569,23
KL_1999,4578,23
KL_1999,4596,22
KL_1999,4394,22
KL_1999,4623,23
KL_1999,4883,23
KL_1999,4952,34
SU_1999,4439,24
SU_1999,4538,23
SU_1999,4942,22
SU_1999,4257,107
SU_1999,4322,22
SU_1999,5230,24
SU_1999,4244,96
SU_1999,4597,27
SU_1999,5696,22
SU_1999,4386,244
SU_1999,4581,277
SU_1999,5136,245
KL_2000,4921,23
KL_2000,4996,28
KL_2000,5194,41
KL_2000,5231,67
KL_2000,5513,30
KL_2000,4784,46
KL_2000,4881,30
KL_2000,4906,74
KL_2000,5176,29
KL_2000,5196,22
KL_2000,5360,36
KL_2000,5418,72
KL_2000,5518,41
KL_2000,5674,68
KL_2000,6770,30
KL_2000,4884,30
KL_2000,5754,30
KL_2000,4818,30
KL_2000,4822,34
KL_2000,4879,60
KL_2000,4916,80
KL_2000,5348,55
KL_2000,5544,32
KL_2000,5895,32
KL_2000,4792,28
KL_2000,4796,27
KL_2000,4842,49
KL_2000,4898,41
KL_2000,5020,56
KL_2000,5175,22
KL_2000,5717,54
KL_2000,5763,64
KL_2000,5808,50
KL_2000,5187,22
KL_2000,5715,33
KL_2000,6041,42
KL_2000,4783,23
KL_2000,4870,32
KL_2000,4909,35
KL_2000,5258,45
KL_2000,5339,29
KL_2000,5755,51
KL_2000,6071,29
KL_2000,6532,55
KL_2000,4924,25
KL_2000,5587,32
KL_2000,5627,24
KL_2000,5461,47
KL_2000,4883,29
KL_2000,5940,40
KL_2000,4952,31
KL_2000,5133,29
KL_2000,5748,35
KL_2000,4722,24
KL_2000,5851,24
KL_2000,5852,26
KL_2000,5251,23
KL_2000,5578,24
KL_2000,5364,23
KL_2000,4832,22
KL_2000,4861,36
KL_2000,5574,34
KL_2000,4829,23
KL_2000,5050,27
SU_2000,4891,26
SU_2000,5562,36
SU_2000,5049,44
SU_2000,5136,32
SU_2000,5285,32
SU_2000,5350,25
SU_2000,5564,30
SU_2000,4925,28
SU_2000,5247,28
SU_2000,5485,35
SU_2000,4793,41
SU_2000,5125,44
SU_2000,4899,38
SU_2000,5001,56
SU_2000,5163,29
SU_2000,5586,57
SU_2000,5749,43
SU_2000,6342,38
SU_2000,5043,35
SU_2000,5264,36
SU_2000,5228,29
SU_2000,4954,32
SU_2000,5696,50
SU_2000,5230,39
SU_2000,5252,39
SU_2000,5463,41
SU_2000,6508,30
SU_2000,5454,44
SU_2000,4837,32
SU_2000,5582,43
SU_2000,6834,27
SU_2000,4864,37
SU_2000,4902,43
SU_2000,4919,26
SU_2000,6056,30
KL_2001,5755,29
KL_2001,6041,39
KL_2001,5187,22
KL_2001,5194,29
KL_2001,5231,31
KL_2001,5348,51
KL_2001,5496,36
KL_2001,5717,47
KL_2001,5763,36
KL_2001,5940,33
KL_2001,5166,24
KL_2001,5754,29
KL_2001,5360,31
KL_2001,5518,35
KL_2001,5587,32
KL_2001,5674,27
KL_2001,5852,27
KL_2001,5339,28
KL_2001,5418,33
KL_2001,5461,34
KL_2001,5501,29
KL_2001,5808,25
KL_2001,5941,24
KL_2001,6071,28
KL_2001,5561,25
KL_2001,5152,23
KL_2001,5515,31
KL_2001,5627,22
KL_2001,5715,32
KL_2001,5851,26
SU_2001,5043,118
SU_2001,5230,331
SU_2001,5252,29
SU_2001,5696,339
SU_2001,6348,253
SU_2001,5125,34
SU_2001,5247,275
SU_2001,5264,25
SU_2001,6495,313
SU_2001,6508,232
SU_2001,5001,73
SU_2001,5586,28
SU_2001,5749,32
SU_2001,5228,23
SU_2001,5454,27
SU_2001,5725,25
SU_2001,5562,24
SU_2001,5564,36
SU_2001,5165,26
KL_2002,5422,25
KL_2002,5461,42
KL_2002,5715,88
KL_2002,5763,97
KL_2002,5940,43
KL_2002,6071,115
KL_2002,5496,26
KL_2002,5616,31
KL_2002,5824,25
KL_2002,5895,51
KL_2002,5808,57
KL_2002,5587,40
KL_2002,5674,35
KL_2002,5750,23
KL_2002,5764,23
KL_2002,5348,23
KL_2002,5501,22
KL_2002,5518,39
KL_2002,5717,50
KL_2002,5748,68
KL_2002,5754,40
KL_2002,5755,72
KL_2002,5515,25
KL_2002,5627,31
KL_2002,6041,43
KL_2002,5513,22
KL_2002,5852,46
KL_2002,6072,22
KL_2002,5418,42
KL_2002,6617,30
KL_2002,7609,24
KL_2002,6236,37
KL_2002,7827,30
KL_2002,6523,25
KL_2002,5952,23
KL_2002,5537,31
SU_2002,6508,368
SU_2002,5463,283
SU_2002,5505,27
SU_2002,6348,408
SU_2002,5264,50
SU_2002,5563,57
SU_2002,5898,25
SU_2002,6510,65
SU_2002,6166,24
SU_2002,6342,25
SU_2002,5696,48
SU_2002,5586,393
SU_2002,5749,46
SU_2002,6050,22
SU_2002,6056,44
SU_2002,7247,37
SU_2002,5564,33
SU_2002,5454,343
SU_2002,5488,23
SU_2002,5562,360
SU_2002,5725,357
SU_2002,6834,38
SU_2002,5582,71
SU_2002,5724,167
SU_2002,5751,86
SU_2002,5487,22
SU_2002,5491,57
SU_2002,6170,38
SU_2002,5803,39
SU_2002,6495,180
SU_2002,5265,34
SU_2002,6338,42
KL_2003,5940,42
KL_2003,5755,64
KL_2003,5763,66
KL_2003,5879,69
KL_2003,5891,25
KL_2003,6236,41
KL_2003,6343,99
KL_2003,5754,76
KL_2003,5774,26
KL_2003,6071,45
KL_2003,6617,25
KL_2003,7609,85
KL_2003,5895,85
KL_2003,6072,35
KL_2003,6501,26
KL_2003,5952,32
KL_2003,5986,97
KL_2003,5824,24
KL_2003,5882,25
KL_2003,6272,27
KL_2003,7827,54
KL_2003,5902,27
KL_2003,6041,32
KL_2003,5977,26
KL_2003,5833,29
KL_2003,6523,63
KL_2003,6631,100
KL_2003,5748,41
KL_2003,5852,97
KL_2003,5770,83
KL_2003,6312,56
KL_2003,6383,28
KL_2003,6120,56
KL_2003,6002,69
KL_2003,5760,22
KL_2003,6519,61
SU_2003,5725,97
SU_2003,5751,142
SU_2003,5957,138
SU_2003,6091,28
SU_2003,6338,81
SU_2003,6347,420
SU_2003,6458,299
SU_2003,6510,77
SU_2003,6841,51
SU_2003,7278,291
SU_2003,5749,203
SU_2003,5898,24
SU_2003,5924,36
SU_2003,6056,49
SU_2003,6342,325
SU_2003,6502,27
SU_2003,6508,375
SU_2003,6526,306
SU_2003,7068,85
SU_2003,7247,44
SU_2003,8513,184
SU_2003,6495,347
SU_2003,6348,65
SU_2003,6398,26
SU_2003,6063,103
SU_2003,5758,51
SU_2003,5803,51
SU_2003,6232,59
SU_2003,6834,139
SU_2003,5724,134
SU_2003,5893,25
SU_2003,6170,54
SU_2003,7575,25
SU_2003,7385,111
SU_2003,6058,28
SU_2003,7643,32
SU_2003,5894,34
SU_2003,10296,69
SU_2003,7172,38
SU_2003,6569,32
KL_2004,6046,26
KL_2004,6272,26
KL_2004,6509,33
KL_2004,6052,25
KL_2004,6935,23
KL_2004,6770,50
KL_2004,6071,63
KL_2004,6617,65
KL_2004,7827,75
KL_2004,6343,80
KL_2004,6041,54
KL_2004,6500,48
KL_2004,7609,83
KL_2004,6120,39
KL_2004,6501,88
KL_2004,6383,56
KL_2004,6312,23
KL_2004,6236,73
KL_2004,6868,25
KL_2004,6055,24
KL_2004,6392,63
KL_2004,6538,38
KL_2004,6523,32
KL_2004,6424,59
KL_2004,7166,26
KL_2004,6529,54
KL_2004,6047,51
KL_2004,6358,132
KL_2004,6070,96
KL_2004,6507,74
KL_2004,6124,74
KL_2004,6048,34
KL_2004,6391,58
KL_2004,6130,91
KL_2004,8727,109
KL_2004,6129,45
KL_2004,7833,53
KL_2004,7830,47
KL_2004,6118,94
KL_2004,6076,94
KL_2004,6116,45
KL_2004,6128,76
KL_2004,6163,75
KL_2004,6122,38
KL_2004,6117,57
KL_2004,7451,83
SU_2004,6398,293
SU_2004,6508,405
SU_2004,7643,69
SU_2004,6338,402
SU_2004,6347,365
SU_2004,6373,34
SU_2004,6495,49
SU_2004,6502,38
SU_2004,7172,31
SU_2004,7553,369
SU_2004,6834,41
SU_2004,6063,37
SU_2004,6069,27
SU_2004,6166,26
SU_2004,6346,93
SU_2004,6841,69
SU_2004,10296,51
SU_2004,6348,434
SU_2004,7022,35
SU_2004,7068,221
SU_2004,5957,48
SU_2004,6232,76
SU_2004,6510,163
SU_2004,6760,33
SU_2004,6170,110
SU_2004,6458,274
SU_2004,6953,51
SU_2004,7247,62
SU_2004,7926,46
SU_2004,7387,49
SU_2004,7278,49
SU_2004,7884,85
SU_2004,6569,340
SU_2004,7024,22
SU_2004,7423,169
SU_2004,6056,125
SU_2004,6016,79
SU_2004,6143,108
SU_2004,6180,136
SU_2004,6064,66
SU_2004,6049,31
SU_2004,7950,64
SU_2004,8398,66
SU_2004,6081,63
SU_2004,6113,62
SU_2004,6114,56
SU_2004,7135,76
SU_2004,8443,65
SU_2004,6528,57
SU_2004,6112,52
KL_2004,5927,24
KL_2004,6015,40
SU_2004,7768,98
SU_2004,5990,23
SU_2004,6666,61
KL_2005,6500,72
KL_2005,6501,94
KL_2005,6529,172
KL_2005,6770,38
KL_2005,7827,83
KL_2005,6383,67
KL_2005,6438,34
KL_2005,6803,36
KL_2005,6538,67
KL_2005,6868,28
KL_2005,7897,35
KL_2005,6313,36
KL_2005,6507,55
KL_2005,6509,57
KL_2005,7830,57
KL_2005,6631,25
KL_2005,7833,68
KL_2005,8729,32
KL_2005,6424,26
KL_2005,7149,26
KL_2005,8576,43
KL_2005,6617,71
KL_2005,6935,57
KL_2005,7451,61
KL_2005,8727,38
KL_2005,7609,59
KL_2005,6400,33
KL_2005,6956,44
KL_2005,6236,57
KL_2005,6392,33
KL_2005,7091,29
KL_2005,7148,40
KL_2005,7842,71
KL_2005,6527,25
KL_2005,6434,37
KL_2005,6523,27
KL_2005,7115,23
KL_2005,7935,25
KL_2005,6553,33
KL_2005,7092,35
KL_2005,6511,69
KL_2005,7828,172
KL_2005,8277,41
KL_2005,7124,117
KL_2005,6353,26
KL_2005,6889,35
KL_2005,8730,38
KL_2005,6423,45
KL_2005,6374,25
KL_2005,10192,25
KL_2005,6487,77
KL_2005,7136,77
KL_2005,7392,114
KL_2005,7106,55
KL_2005,8592,88
KL_2005,7118,88
KL_2005,10138,82
KL_2005,6882,86
KL_2005,6522,88
KL_2005,7201,82
KL_2005,7390,82
KL_2005,7291,95
KL_2005,10137,84
SU_2005,6760,162
SU_2005,7884,120
SU_2005,7926,116
SU_2005,6338,139
SU_2005,6348,117
SU_2005,6953,112
SU_2005,7247,55
SU_2005,7312,67
SU_2005,7387,121
SU_2005,6346,145
SU_2005,6398,152
SU_2005,7553,86
SU_2005,8398,49
SU_2005,6517,38
SU_2005,6569,83
SU_2005,7068,35
SU_2005,7135,41
SU_2005,6342,56
SU_2005,6502,28
SU_2005,7022,44
SU_2005,7172,103
SU_2005,8443,61
SU_2005,6510,73
SU_2005,7575,24
SU_2005,10296,45
SU_2005,6458,48
SU_2005,6232,39
SU_2005,7643,87
SU_2005,6508,99
SU_2005,7025,34
SU_2005,7249,33
SU_2005,7307,67
SU_2005,7423,56
SU_2005,6347,69
SU_2005,7385,40
SU_2005,8580,38
SU_2005,6495,50
SU_2005,10786,53
SU_2005,6841,125
SU_2005,7278,117
SU_2005,7874,40
SU_2005,7636,70
SU_2005,6954,70
SU_2005,6401,67
SU_2005,10120,94
SU_2005,6666,33
SU_2005,6528,26
SU_2005,7818,41
SU_2005,6526,26
SU_2005,7342,22
SU_2005,6366,92
SU_2005,6499,171
SU_2005,7073,125
SU_2005,7117,144
SU_2005,10160,142
SU_2005,6345,29
SU_2005,6354,23
SU_2005,6355,22
SU_2005,6416,126
SU_2005,6860,133
SU_2005,7087,134
SU_2005,7088,143
SU_2005,10132,75
SU_2005,10133,103
SU_2005,10191,113
SU_2005,6512,99
SU_2005,7819,31
SU_2005,7831,101
SU_2005,10135,107
KL_2005,6483,27
KL_2005,10140,25
SU_2005,6551,58
SU_2005,6942,57
SU_2005,6752,22
SU_2005,10139,22
KL_2006,8733,51
KL_2006,7106,30
KL_2006,8648,24
KL_2006,8727,28
KL_2006,6868,25
KL_2006,6882,36
KL_2006,6987,24
KL_2006,7092,36
KL_2006,7148,43
KL_2006,7177,22
KL_2006,7603,27
KL_2006,7833,44
KL_2006,7842,26
KL_2006,8330,25
KL_2006,8576,30
KL_2006,10137,40
KL_2006,10275,26
KL_2006,7609,23
KL_2006,10140,42
KL_2006,6991,22
KL_2006,7118,25
KL_2006,7125,22
KL_2006,7291,26
KL_2006,7451,28
KL_2006,7828,27
KL_2006,6639,23
KL_2006,7704,24
KL_2006,8703,32
KL_2006,10138,22
KL_2006,10182,26
KL_2006,7124,22
KL_2006,7390,43
KL_2006,7827,43
KL_2006,8745,27
KL_2006,10181,54
KL_2006,6956,45
KL_2006,7136,36
KL_2006,7836,54
KL_2006,10176,30
KL_2006,7055,25
KL_2006,10121,25
KL_2006,7664,22
KL_2006,6883,137
KL_2006,6893,132
KL_2006,10183,27
KL_2006,10192,25
KL_2006,6706,50
KL_2006,6762,100
KL_2006,6862,106
KL_2006,7128,139
KL_2006,7838,86
KL_2006,6898,142
KL_2006,6925,95
KL_2006,6799,94
KL_2006,6838,94
KL_2006,6870,103
KL_2006,6871,124
KL_2006,7837,90
KL_2006,6851,101
KL_2006,7112,118
KL_2006,6809,82
KL_2006,7376,125
KL_2006,6793,84
KL_2006,7593,117
KL_2006,6952,109
KL_2006,7103,179
KL_2006,6934,135
KL_2006,6939,139
KL_2006,6989,99
KL_2006,8297,165
KL_2006,6995,210
KL_2006,10317,97
KL_2006,6826,36
KL_2006,6964,143
KL_2006,6998,138
KL_2006,10318,137
KL_2006,7392,25
KL_2006,6791,93
KL_2006,7127,93
KL_2006,6916,34
KL_2006,6917,25
SU_2006,6760,23
SU_2006,7247,52
SU_2006,7278,72
SU_2006,7926,63
SU_2006,8579,29
SU_2006,7387,53
SU_2006,7643,27
SU_2006,7727,99
SU_2006,8398,31
SU_2006,8443,43
SU_2006,10134,26
SU_2006,6559,74
SU_2006,7096,64
SU_2006,7423,44
SU_2006,7553,32
SU_2006,7068,22
SU_2006,7172,28
SU_2006,7209,22
SU_2006,7307,63
SU_2006,7584,34
SU_2006,6841,44
SU_2006,6844,42
SU_2006,7088,56
SU_2006,7117,27
SU_2006,7884,54
SU_2006,10133,89
SU_2006,7831,35
SU_2006,8817,23
SU_2006,10191,26
SU_2006,8580,32
SU_2006,10120,83
SU_2006,10139,33
SU_2006,7087,62
SU_2006,7306,83
SU_2006,7846,76
SU_2006,7250,57
SU_2006,10132,60
SU_2006,6832,132
SU_2006,7074,63
SU_2006,7094,140
SU_2006,7193,64
SU_2006,7847,72
SU_2006,7915,49
SU_2006,10114,48
SU_2006,10135,42
SU_2006,7057,133
SU_2006,8591,55
SU_2006,7089,37
SU_2006,10185,104
SU_2006,6940,84
SU_2006,6960,149
SU_2006,7067,141
SU_2006,7090,47
SU_2006,6965,136
SU_2006,8644,148
SU_2006,6990,106
SU_2006,7104,100
SU_2006,6980,150
SU_2006,7012,85
SU_2006,7056,43
SU_2006,6895,35
SU_2006,7592,190
SU_2006,7060,43
SU_2006,7134,52
KL_2006,6531,22
KL_2007,7827,65
KL_2007,7838,33
KL_2007,7842,28
KL_2007,8330,26
KL_2007,8727,31
KL_2007,10140,25
KL_2007,7603,29
KL_2007,7704,25
KL_2007,8619,24
KL_2007,8733,34
KL_2007,7833,54
KL_2007,10181,62
KL_2007,10318,75
KL_2007,10137,35
KL_2007,10176,28
KL_2007,10317,27
KL_2007,10212,22
KL_2007,8576,24
KL_2007,8648,24
KL_2007,8703,26
KL_2007,8745,27
KL_2007,10182,31
KL_2007,7837,38
KL_2007,10121,63
KL_2007,10131,26
KL_2007,10183,73
KL_2007,10265,26
KL_2007,8609,25
KL_2007,8297,25
KL_2007,10177,37
KL_2007,7836,62
KL_2007,7897,29
KL_2007,10275,24
KL_2007,8582,34
KL_2007,10192,44
KL_2007,7712,22
KL_2007,10375,24
KL_2007,8680,22
KL_2007,10342,34
KL_2007,10050,26
SU_2007,7407,22
SU_2007,7695,30
SU_2007,7884,107
SU_2007,8644,99
SU_2007,10132,37
SU_2007,10133,50
SU_2007,10139,87
SU_2007,10185,83
SU_2007,7831,28
SU_2007,8817,36
SU_2007,10191,35
SU_2007,7926,94
SU_2007,8398,23
SU_2007,10141,65
SU_2007,10160,33
SU_2007,7846,76
SU_2007,7847,98
SU_2007,8443,53
SU_2007,8591,67
SU_2007,10134,33
SU_2007,10115,39
SU_2007,10786,22
SU_2007,7710,23
SU_2007,8580,39
SU_2007,7727,51
SU_2007,7915,99
SU_2007,7636,27
SU_2007,10120,52
SU_2007,10135,53
SU_2007,10114,29
SU_2007,10358,25
KL_2008,8297,23
KL_2008,8576,29
KL_2008,8592,41
KL_2008,8745,43
KL_2008,10138,29
KL_2008,10177,54
KL_2008,10183,51
KL_2008,10184,36
KL_2008,10376,35
KL_2008,10642,42
KL_2008,10725,40
KL_2008,8413,38
KL_2008,8483,61
KL_2008,8648,45
KL_2008,10140,32
KL_2008,10181,74
KL_2008,10182,52
KL_2008,10265,41
KL_2008,8703,29
KL_2008,8728,42
KL_2008,8729,43
KL_2008,10275,64
KL_2008,8385,39
KL_2008,10176,60
KL_2008,10391,69
KL_2008,10410,25
KL_2008,13682,22
KL_2008,10050,47
KL_2008,10318,59
KL_2008,10322,36
KL_2008,10341,56
KL_2008,10342,117
KL_2008,10377,97
KL_2008,10408,70
KL_2008,10722,35
KL_2008,10760,42
KL_2008,8619,41
KL_2008,8733,61
KL_2008,10136,40
KL_2008,10178,53
KL_2008,8330,34
KL_2008,8582,41
KL_2008,10285,59
KL_2008,10375,43
KL_2008,10748,103
KL_2008,8680,88
KL_2008,10317,33
KL_2008,10370,39
KL_2008,8730,37
KL_2008,10145,46
KL_2008,10192,62
KL_2008,10374,68
KL_2008,8571,29
KL_2008,8609,36
KL_2008,10137,39
KL_2008,10212,33
KL_2008,8727,38
KL_2008,8732,40
KL_2008,10121,42
KL_2008,10369,64
KL_2008,10146,22
KL_2008,10147,24
KL_2008,11162,22
KL_2008,11161,39
KL_2008,11202,22
KL_2008,8518,25
SU_2008,10638,27
SU_2008,13656,48
SU_2008,13666,47
SU_2008,7831,45
SU_2008,13667,39
SU_2008,8579,37
SU_2008,8597,49
SU_2008,8603,51
SU_2008,8644,61
SU_2008,10139,71
SU_2008,10141,37
SU_2008,10271,66
SU_2008,8593,24
SU_2008,10240,45
SU_2008,8496,43
SU_2008,10191,32
SU_2008,10361,37
SU_2008,8398,24
SU_2008,8591,35
SU_2008,8817,25
SU_2008,10134,37
SU_2008,10663,35
SU_2008,16199,74
SU_2008,10135,70
SU_2008,10185,57
SU_2008,10114,46
SU_2008,10120,40
KL_2009,10050,33
KL_2009,10181,38
KL_2009,10192,35
KL_2009,10342,50
KL_2009,10376,34
KL_2009,11176,37
KL_2009,10140,24
KL_2009,10182,34
KL_2009,10341,39
KL_2009,10374,29
KL_2009,10375,32
KL_2009,10517,28
KL_2009,11489,29
KL_2009,10136,23
KL_2009,10137,25
KL_2009,10212,24
KL_2009,10642,39
KL_2009,11171,40
KL_2009,10178,33
KL_2009,10760,25
KL_2009,10121,47
KL_2009,10275,36
KL_2009,10318,49
KL_2009,10408,27
KL_2009,11161,31
KL_2009,11177,46
KL_2009,10391,34
KL_2009,10177,43
KL_2009,11168,28
KL_2009,11203,23
KL_2009,10377,31
KL_2009,10146,25
KL_2009,10322,23
KL_2009,10759,27
KL_2009,10818,26
KL_2009,10461,27
KL_2009,11266,23
SU_2009,10325,53
SU_2009,10405,31
SU_2009,10120,127
SU_2009,10271,110
SU_2009,10786,32
SU_2009,10135,83
SU_2009,10191,75
SU_2009,10661,113
SU_2009,13656,90
SU_2009,13666,149
SU_2009,10343,43
SU_2009,10141,30
SU_2009,10185,176
SU_2009,10474,52
SU_2009,13667,36
SU_2009,10115,95
SU_2009,10114,35
SU_2009,10358,59
SU_2009,10361,40
SU_2009,10362,41
SU_2009,13658,37
SU_2009,13664,78
SU_2009,10133,114
SU_2009,10160,55
SU_2009,10735,35
SU_2009,11078,31
SU_2009,11079,30
SU_2009,11326,35
SU_2009,11308,24
KL_2010,10182,44
KL_2010,10285,188
KL_2010,10318,70
KL_2010,10342,242
KL_2010,11176,234
KL_2010,11272,28
KL_2010,11325,27
KL_2010,11344,23
KL_2010,10375,61
KL_2010,10461,30
KL_2010,10785,112
KL_2010,10818,24
KL_2010,11171,174
KL_2010,11256,176
KL_2010,10275,69
KL_2010,11150,91
KL_2010,11489,81
KL_2010,10177,30
KL_2010,10686,26
KL_2010,11266,58
KL_2010,13123,52
KL_2010,10212,54
KL_2010,10588,30
KL_2010,11882,30
KL_2010,11201,52
KL_2010,11254,76
KL_2010,10273,30
KL_2010,8760,25
KL_2010,10374,122
KL_2010,11460,50
KL_2010,11282,55
KL_2010,11537,24
KL_2010,10939,28
KL_2010,11281,37
KL_2010,11614,32
KL_2010,10784,30
KL_2010,12017,28
KL_2010,10531,53
SU_2010,13666,49
SU_2010,10325,45
SU_2010,10662,39
SU_2010,11501,26
SU_2010,10191,44
SU_2010,10616,22
SU_2010,10358,54
SU_2010,12139,82
SU_2010,10924,24
SU_2010,10946,23
SU_2010,10914,39
SU_2010,13667,27
SU_2010,11084,49
SU_2010,11534,44
SU_2010,11536,32
SU_2010,11078,55
SU_2010,11999,24
SU_2010,13687,39
KL_2011,10182,102
KL_2011,10818,76
KL_2011,11343,23
KL_2011,10318,61
KL_2011,10375,44
KL_2011,11150,108
KL_2011,11256,214
KL_2011,11619,80
KL_2011,11775,208
KL_2011,11896,249
KL_2011,10342,227
KL_2011,11266,23
KL_2011,11344,25
KL_2011,11460,26
KL_2011,11489,28
KL_2011,10374,104
KL_2011,10046,126
KL_2011,11537,281
KL_2011,13039,34
KL_2011,11176,87
KL_2011,12022,37
KL_2011,12628,155
KL_2011,12303,28
KL_2011,12625,24
KL_2011,10042,56
KL_2011,12422,81
KL_2011,11220,90
KL_2011,11225,24
KL_2011,11282,24
KL_2011,12678,30
KL_2011,11841,80
KL_2011,12620,44
KL_2011,12007,22
KL_2011,12423,91
KL_2011,12827,88
KL_2011,12445,22
KL_2011,11895,30
KL_2011,12426,232
SU_2011,10191,31
SU_2011,11952,32
SU_2011,13667,94
SU_2011,11976,101
SU_2011,12432,75
SU_2011,11084,60
SU_2011,11536,80
SU_2011,12524,27
SU_2011,12462,153
SU_2011,12435,76
SU_2011,11577,88
SU_2011,12526,23
SU_2011,11953,25
SU_2011,11722,73
SU_2011,12026,34
SU_2011,11944,47
KL_2012,10374,29
KL_2012,10993,26
KL_2012,10995,59
KL_2012,11489,50
KL_2012,11537,41
KL_2012,11896,33
KL_2012,11897,29
KL_2012,12876,35
KL_2012,10046,35
KL_2012,10318,38
KL_2012,11256,35
KL_2012,11266,25
KL_2012,11622,42
KL_2012,11775,44
KL_2012,12190,28
KL_2012,12303,29
KL_2012,12620,22
KL_2012,12678,27
KL_2012,12824,38
KL_2012,12827,25
KL_2012,13039,25
KL_2012,13185,36
KL_2012,10818,24
KL_2012,11841,26
KL_2012,12422,45
KL_2012,12423,39
KL_2012,12623,29
KL_2012,12703,34
KL_2012,10182,31
KL_2012,10342,41
KL_2012,10994,25
KL_2012,11220,47
KL_2012,11272,23
KL_2012,11344,29
KL_2012,11895,28
KL_2012,12625,36
KL_2012,12657,25
KL_2012,13084,40
KL_2012,13012,27
KL_2012,12305,22
KL_2012,12513,24
KL_2012,13010,24
KL_2012,12613,26
KL_2012,12626,29
KL_2012,12202,28
KL_2012,13147,38
KL_2012,19257,23
SU_2012,10654,30
SU_2012,11576,27
SU_2012,11952,32
SU_2012,11976,37
SU_2012,12140,22
SU_2012,12522,25
SU_2012,13130,22
SU_2012,12026,35
SU_2012,13667,23
SU_2012,19267,33
SU_2012,12432,26
SU_2012,12435,30
SU_2012,13097,24
SU_2012,12180,22
SU_2012,12003,27
SU_2012,12462,27
KL_2013,12513,32
KL_2013,11537,31
KL_2013,12363,79
KL_2013,10318,71
KL_2013,13010,28
KL_2013,11614,25
KL_2013,13288,45
KL_2013,13012,36
KL_2013,12933,69
KL_2013,13185,32
KL_2013,10046,38
KL_2013,12018,73
KL_2013,12705,95
KL_2013,12657,117
KL_2013,12210,67
KL_2013,13039,122
KL_2013,12629,50
KL_2013,13535,22
KL_2013,11897,24
KL_2013,11896,36
KL_2013,11945,101
KL_2013,13084,37
KL_2013,10995,42
KL_2013,13287,33
KL_2013,13305,32
KL_2013,12007,77
KL_2013,11775,41
KL_2013,11460,113
KL_2013,10342,65
KL_2013,12703,27
KL_2013,13646,27
KL_2013,11895,24
KL_2013,12012,36
KL_2013,12625,37
KL_2013,19257,36
KL_2013,12576,69
KL_2013,12285,37
KL_2013,11220,47
KL_2013,12611,28
KL_2013,11344,38
KL_2013,12426,24
KL_2013,11621,26
KL_2013,12908,55
KL_2013,13332,24
KL_2013,13466,28
KL_2013,12678,94
KL_2013,13048,75
KL_2013,12017,80
KL_2013,12827,38
KL_2013,12190,33
KL_2013,13412,26
KL_2013,11256,34
KL_2013,12199,24
KL_2013,12423,37
KL_2013,11841,25
KL_2013,12825,108
KL_2013,12364,92
KL_2013,10993,22
KL_2013,11266,85
KL_2013,13179,93
KL_2013,12303,25
KL_2013,12236,72
KL_2013,11983,66
KL_2013,12542,69
KL_2013,13125,54
KL_2013,12235,25
KL_2013,12830,61
KL_2013,10047,44
KL_2013,12209,76
KL_2013,12305,29
KL_2013,12565,68
KL_2013,12445,123
KL_2013,12564,67
KL_2013,10531,26
SU_2013,13667,25
SU_2013,10654,30
SU_2013,13085,34
SU_2013,11976,29
SU_2013,12026,26
SU_2013,12432,28
SU_2013,12434,37
SU_2013,12479,27
SU_2013,19267,24
SU_2013,19250,26
SU_2013,12973,23
SU_2013,11996,22
SU_2013,11577,31
SU_2013,11576,26
SU_2013,12029,24
SU_2013,12524,36
SU_2013,13000,24
SU_2013,11017,24
SU_2013,11534,23
SU_2013,11952,36
SU_2013,13130,36
SU_2013,12003,29
SU_2013,13097,31
SU_2013,13131,23
SU_2013,13385,23
SU_2013,12522,28
SU_2013,12462,26
SU_2013,13092,27
SU_2013,12435,30
SU_2013,11953,30
SU_2013,10918,23
SU_2013,12180,29
KL_2013,12036,68
KL_2014,12305,35
KL_2014,12576,150
KL_2014,12703,62
KL_2014,13466,206
KL_2014,19706,72
KL_2014,12705,345
KL_2014,11256,49
KL_2014,13012,218
KL_2014,19846,43
KL_2014,19654,30
KL_2014,19901,138
KL_2014,12210,49
KL_2014,10995,73
KL_2014,11537,66
KL_2014,12625,196
KL_2014,12825,190
KL_2014,13112,27
KL_2014,13305,191
KL_2014,19257,217
KL_2014,19767,55
KL_2014,19769,52
KL_2014,12827,69
KL_2014,13412,30
KL_2014,19550,25
KL_2014,19516,33
KL_2014,12364,88
KL_2014,11220,29
KL_2014,12190,44
KL_2014,12285,171
KL_2014,12629,60
KL_2014,19858,43
KL_2014,13039,23
KL_2014,13179,324
KL_2014,10993,38
KL_2014,13288,25
KL_2014,13332,35
KL_2014,19689,29
KL_2014,19766,41
KL_2014,12235,48
KL_2014,10374,28
KL_2014,19880,244
KL_2014,12542,103
KL_2014,12236,79
KL_2014,12018,53
KL_2014,12678,247
KL_2014,19874,117
KL_2014,19719,56
KL_2014,12626,32
KL_2014,19655,191
KL_2014,19694,27
KL_2014,19909,49
KL_2014,12166,259
KL_2014,12209,67
KL_2014,19599,56
KL_2014,19649,37
KL_2014,19791,146
KL_2014,11895,70
KL_2014,19748,143
KL_2014,11775,71
KL_2014,11983,119
KL_2014,12007,66
KL_2014,10342,69
KL_2014,12199,45
KL_2014,12513,46
KL_2014,19702,200
KL_2014,13048,190
KL_2014,19884,218
KL_2014,12012,47
KL_2014,11344,22
KL_2014,19772,48
KL_2014,12426,39
KL_2014,19723,98
KL_2014,19815,139
KL_2014,12363,42
KL_2014,19583,178
KL_2014,19707,22
KL_2014,19865,37
KL_2014,19882,49
KL_2014,19718,36
KL_2014,19565,92
KL_2014,19881,38
KL_2014,12202,25
KL_2014,19271,39
KL_2014,19764,34
KL_2014,19771,22
KL_2014,20155,197
KL_2014,20198,181
KL_2014,20199,50
KL_2014,11957,52
KL_2014,20409,31
KL_2014,20530,28
KL_2014,20567,39
KL_2014,20062,26
KL_2014,20079,25
SU_2014,12435,160
SU_2014,11953,26
SU_2014,12191,31
SU_2014,12522,197
SU_2014,12524,256
SU_2014,13085,35
SU_2014,13130,33
SU_2014,13131,24
SU_2014,13438,39
SU_2014,11534,23
SU_2014,11976,39
SU_2014,12462,37
SU_2014,13092,24
SU_2014,13134,31
SU_2014,11722,39
SU_2014,12026,243
SU_2014,13385,37
SU_2014,13667,24
SU_2014,19250,22
SU_2014,19611,267
SU_2014,19862,31
SU_2014,11576,36
SU_2014,19267,234
SU_2014,12972,29
SU_2014,13129,25
SU_2014,11998,33
SU_2014,12027,161
SU_2014,12180,31
SU_2014,12973,29
SU_2014,19832,63
SU_2014,13690,183
SU_2014,10654,35
SU_2014,11531,22
SU_2014,19740,48
SU_2014,19840,23
SU_2014,11577,38
SU_2014,12432,31
SU_2014,10048,172
SU_2014,10918,23
SU_2014,11002,29
SU_2014,19601,200
SU_2014,13132,23
SU_2014,19537,183
SU_2014,12003,194
SU_2014,11979,221
SU_2014,19354,199
SU_2014,20495,170
SU_2014,20523,29
SU_2014,20351,23
KL_2015,11256,28
KL_2015,21222,222
KL_2015,20409,22
KL_2015,13179,232
KL_2015,20993,240
KL_2015,20866,199
KL_2015,13012,29
KL_2015,20995,30
KL_2015,11775,33
KL_2015,12210,55
KL_2015,20921,75
KL_2015,12827,35
KL_2015,13048,303
KL_2015,20645,208
KL_2015,20871,279
KL_2015,20917,276
KL_2015,20918,396
KL_2015,20923,335
KL_2015,21496,23
KL_2015,20778,224
KL_2015,13412,39
KL_2015,19599,320
KL_2015,19766,27
KL_2015,20873,39
KL_2015,21382,26
KL_2015,12958,25
KL_2015,20686,23
KL_2015,21513,22
KL_2015,11895,22
KL_2015,21332,237
KL_2015,19769,22
KL_2015,21359,33
KL_2015,19654,265
KL_2015,21216,216
KL_2015,20919,295
KL_2015,19713,227
KL_2015,12678,282
KL_2015,21022,27
KL_2015,20836,193
KL_2015,20729,221
KL_2015,12018,289
KL_2015,19718,281
KL_2015,19884,378
KL_2015,19880,194
KL_2015,20198,30
KL_2015,20081,66
KL_2015,20525,149
KL_2015,20805,37
KL_2015,20634,277
KL_2015,21247,150
KL_2015,12613,318
KL_2015,12565,22
KL_2015,20862,24
KL_2015,21384,29
KL_2016,11256,33
KL_2016,12012,268
KL_2016,19583,31
KL_2016,19706,52
KL_2016,20729,255
KL_2016,20734,24
KL_2016,20804,23
KL_2016,20921,250
KL_2016,20995,272
KL_2016,21350,43
KL_2016,21396,44
KL_2016,20836,231
KL_2016,21223,261
KL_2016,11775,32
KL_2016,20198,248
KL_2016,20873,23
KL_2016,21331,234
KL_2016,21387,24
KL_2016,22068,248
KL_2016,13466,247
KL_2016,19766,24
KL_2016,19815,299
KL_2016,19882,284
KL_2016,20872,38
KL_2016,19718,265
KL_2016,20573,202
KL_2016,20914,275
KL_2016,21238,232
KL_2016,19981,282
KL_2016,20570,330
KL_2016,21023,257
KL_2016,22008,268
KL_2016,19649,29
KL_2016,19764,22
KL_2016,19599,260
KL_2016,20537,270
KL_2016,12207,253
KL_2016,20155,22
KL_2016,20525,279
KL_2016,13179,25
KL_2016,20081,307
KL_2016,21355,218
KL_2016,12236,427
KL_2016,12653,281
KL_2016,20062,228
KL_2016,21910,213
KL_2016,20920,23
KL_2016,21239,248
KL_2016,21329,244
KL_2016,22049,265
KL_2016,20997,22
KL_2016,20756,214
KL_2016,21276,265
KL_2016,12613,246
KL_2016,20919,229
KL_2016,21505,229
SU_2016,12003,27
SU_2016,13385,234
SU_2016,20825,237
SU_2016,12026,126
SU_2016,12435,22
SU_2016,13129,299
SU_2016,20341,168
SU_2016,12028,219
SU_2016,19537,252
SU_2016,21272,252
SU_2016,12027,235
SU_2016,12180,30
SU_2016,21364,259
SU_2016,22081,295
SU_2016,22062,25
SU_2016,20495,175
SU_2016,21058,24
SU_2016,20060,37
SU_2016,20942,231
SU_2016,21357,318
SU_2016,13097,27
SU_2016,20883,218
SU_2016,10043,244
SU_2016,13132,252
SU_2016,19875,336
SU_2016,20523,321
SU_2016,19601,238
SU_2016,20342,250
SU_2016,11534,251
SU_2016,11976,39
SU_2016,20353,22
SU_2016,21100,24
SU_2016,19611,262
SU_2016,19862,23
SU_2016,20948,158
SU_2016,19742,37
SU_2016,20059,30
SU_2016,21488,22
SU_2016,19740,232
SU_2016,21117,248
SU_2016,21867,183
SU_2016,12522,162
SU_2016,21279,249
SU_2016,22495,196
KL_2016,12027,28
KL_2016,12028,29
SU_2016,20226,153
KL_2017,20295,48
KL_2017,20297,25
KL_2017,20685,23
KL_2017,20686,32
KL_2017,20688,25
KL_2017,20873,38
KL_2017,19706,30
KL_2017,19846,25
KL_2017,20191,42
KL_2017,20732,22
KL_2017,20804,33
KL_2017,21023,22
KL_2017,22369,50
KL_2017,12426,25
KL_2017,19764,31
KL_2017,20920,33
KL_2017,21382,34
KL_2017,19766,31
KL_2017,21910,23
KL_2017,22008,23
KL_2017,19583,35
KL_2017,20995,47
KL_2017,21223,30
KL_2017,20734,23
KL_2017,20866,23
KL_2017,21215,22
KL_2017,20778,22
KL_2017,20865,22
KL_2017,21022,25
KL_2017,20570,27
KL_2017,19981,25
KL_2017,20921,38
KL_2017,21366,23
KL_2017,21377,29
KL_2017,21155,31
KL_2017,19882,23
KL_2017,21075,36
KL_2017,19984,29
KL_2017,22658,69
KL_2017,22641,69
KL_2017,22890,77
KL_2017,22758,122
KL_2017,22773,81
KL_2017,22805,32
KL_2017,22807,27
KL_2017,22806,37
KL_2017,22865,97
KL_2017,22788,26
KL_2017,22789,40
KL_2017,22897,56
KL_2017,22898,80
KL_2017,23024,77
KL_2017,23025,84
KL_2017,23089,101
KL_2017,22874,56
KL_2017,22873,59
KL_2017,23079,105
KL_2017,23080,117
KL_2017,23028,30
KL_2017,23026,97
KL_2017,22954,41
KL_2017,22951,36
KL_2017,22995,132
KL_2017,22640,74
KL_2017,23031,76
KL_2017,23000,79
KL_2017,22657,40
KL_2017,22778,27
KL_2017,22777,60
KL_2017,23023,24
KL_2017,22994,42
KL_2017,23054,73
KL_2017,23220,22
SU_2017,11576,28
SU_2017,20060,22
SU_2017,13438,25
SU_2017,20235,25
SU_2017,21277,26
SU_2017,20948,22
SU_2017,21273,26
SU_2017,22722,43
SU_2017,22684,47
SU_2017,22721,49
SU_2017,22966,87
SU_2017,22965,29
SU_2017,22979,77
SU_2017,23052,76
SU_2017,22653,34
SU_2017,22985,59
SU_2017,22986,57
KL_2018,21350,30
KL_2018,22994,40
KL_2018,20191,22
KL_2018,22759,33
KL_2018,22758,27
KL_2018,20635,29
KL_2018,21329,26
KL_2018,20295,24
KL_2018,20914,23
KL_2018,22890,33
KL_2018,19764,41
KL_2018,19766,28
KL_2018,22274,29
KL_2018,23023,44
KL_2018,19983,28
KL_2018,21382,22
KL_2018,22016,23
KL_2018,20220,33
KL_2018,19880,25
KL_2018,23027,42
KL_2018,20686,41
KL_2018,20297,30
KL_2018,20688,25
KL_2018,20685,29
KL_2018,23320,23
KL_2018,19706,32
KL_2018,19984,32
KL_2018,20804,39
KL_2018,21223,23
KL_2018,21022,30
KL_2018,21155,28
KL_2018,20866,24
KL_2018,22657,35
KL_2018,19846,23
KL_2018,21007,23
KL_2018,21215,22
KL_2018,22297,26
KL_2018,22778,37
KL_2018,22296,28
KL_2018,20857,35
KL_2018,19981,24
KL_2018,23379,48
KL_2018,23568,152
KL_2018,23401,116
KL_2018,23403,24
KL_2018,23580,40
KL_2018,23566,92
KL_2018,23419,108
KL_2018,23501,96
KL_2018,23503,38
KL_2018,23465,37
KL_2018,23467,40
KL_2018,23463,71
KL_2018,23464,81
KL_2018,23494,99
KL_2018,23492,77
KL_2018,23496,97
KL_2018,23387,111
KL_2018,23484,28
KL_2018,23485,91
KL_2018,23505,77
KL_2018,23506,80
KL_2018,23520,87
KL_2018,23631,65
KL_2018,23573,91
KL_2018,23558,110
KL_2018,23560,40
KL_2018,23525,106
KL_2018,23607,97
KL_2018,23563,35
KL_2018,23577,71
KL_2018,23564,40
KL_2018,23578,92
KL_2018,23665,50
KL_2018,23666,49
KL_2018,23688,108
KL_2018,23689,24
SU_2018,23052,31
SU_2018,20940,33
SU_2018,13438,28
SU_2018,20939,29
SU_2018,22921,25
SU_2018,19611,22
SU_2018,23189,38
SU_2018,23300,27
SU_2018,22062,29
SU_2018,22373,22
SU_2018,20060,23
SU_2018,21868,31
SU_2018,21907,24
SU_2018,20353,25
SU_2018,22495,22
KL_2019,21513,755
KL_2019,21216,709
KL_2019,23760,22
KL_2019,23320,95
KL_2019,21487,638
KL_2019,23532,83
KL_2019,21023,34
KL_2019,23565,32
KL_2019,19984,69
KL_2019,22994,29
KL_2019,19706,39
KL_2019,22759,87
KL_2019,20919,70
KL_2019,22640,71
KL_2019,21350,154
KL_2019,21046,130
KL_2019,20191,76
KL_2019,20295,144
KL_2019,23027,46
KL_2019,19983,65
KL_2019,20686,71
KL_2019,21215,31
KL_2019,22778,119
KL_2019,21022,57
KL_2019,21578,50
KL_2019,22865,32
KL_2019,21342,39
KL_2019,23054,94
KL_2019,22008,57
KL_2019,23806,59
KL_2019,20537,25
KL_2019,20914,606
KL_2019,20685,23
KL_2019,20525,229
KL_2019,23378,22
KL_2019,23418,109
KL_2019,22297,78
KL_2019,21329,102
KL_2019,21993,138
KL_2019,20223,844
KL_2019,23466,252
KL_2019,20688,95
KL_2019,23319,27
KL_2019,23023,69
KL_2019,19764,30
KL_2019,20857,44
KL_2019,23294,82
KL_2019,22296,79
KL_2019,22278,29
KL_2019,21155,73
KL_2019,21716,24
KL_2019,23755,48
KL_2019,22891,904
KL_2019,23326,831
KL_2019,21355,627
KL_2019,23572,138
KL_2019,23876,146
KL_2019,21389,823
KL_2019,20862,76
KL_2019,23880,81
KL_2019,20916,609
KL_2019,22657,702
KL_2019,21387,818
KL_2019,20864,32
KL_2019,21222,641
KL_2019,19880,638
KL_2019,20078,125
KL_2019,23890,24
KL_2019,21276,598
KL_2019,21331,733
KL_2019,21368,648
KL_2019,21393,768
KL_2019,23724,150
KL_2019,23896,70
KL_2019,21239,756
KL_2019,23919,42
KL_2019,23920,91
KL_2019,23939,85
KL_2019,23940,36
KL_2019,24033,33
KL_2019,24223,35
KL_2019,22358,64
SU_2019,22978,33
SU_2019,13438,30
SU_2019,21279,34
SU_2019,22194,37
SU_2019,20342,46
SU_2019,20235,75
SU_2019,21281,37
SU_2019,20942,24
SU_2019,23527,23
SU_2019,20495,30
SU_2019,22373,36
SU_2019,22449,28
SU_2019,23586,32
SU_2019,23845,51
SU_2019,22591,34
SU_2019,19601,85
SU_2019,19875,25
SU_2019,20060,42
SU_2019,23193,35
SU_2019,22495,29
SU_2019,21031,47
SU_2019,22652,36
SU_2019,22358,36
SU_2019,20945,29
SU_2019,22236,31
SU_2019,22982,32
SU_2019,19832,22
SU_2019,23877,26
SU_2019,21676,37
SU_2019,23189,55
SU_2019,22490,23
SU_2019,23938,30
KL_2019,20778,569
KL_2020,23319,29
KL_2020,23565,45
KL_2020,23532,55
KL_2020,24709,31
KL_2020,24702,33
KL_2020,24424,33
KL_2020,23027,40
KL_2020,24033,40
KL_2020,24260,28
KL_2020,24754,25
KL_2020,24506,29
KL_2020,23466,35
KL_2020,22891,35
KL_2020,23054,23
KL_2020,24659,34
KL_2020,23294,23
KL_2020,24818,31
KL_2020,24002,31
KL_2020,24409,24
KL_2020,24268,28
KL_2020,24591,30
KL_2020,23724,30
KL_2020,24577,32
KL_2020,22358,27
KL_2020,24850,25
